k,S,knee_m,knee_pct,n
1.0,1.0,6.0,4.99,7270897.0
1.0,2.0,6.0,4.99,7270897.0
1.0,3.0,6.0,4.99,7270897.0
1.0,5.0,6.0,4.99,7270897.0
1.0,10.0,4.0,6.2,7270897.0
2.0,1.0,10.0,12.26,7232792.0
2.0,2.0,10.0,12.26,7232792.0
2.0,3.0,9.18,13.09,7232792.0
2.0,5.0,8.78,13.55,7232792.0
2.0,10.0,8.69,13.66,7232792.0
4.0,1.0,30.0,14.58,7106500.0
4.0,2.0,21.59,21.83,7106500.0
4.0,3.0,21.07,22.37,7106500.0
4.0,5.0,20.25,23.31,7106500.0
4.0,10.0,20.04,23.57,7106500.0
8.0,1.0,50.17,21.61,6669512.0
8.0,2.0,44.42,27.16,6669512.0
8.0,3.0,42.13,29.6,6669512.0
8.0,5.0,41.36,30.47,6669512.0
8.0,10.0,40.9,31.04,6669512.0
12.0,1.0,70.69,19.0,6001238.0
12.0,2.0,65.23,24.35,6001238.0
12.0,3.0,64.21,25.43,6001238.0
12.0,5.0,61.43,28.46,6001238.0
12.0,10.0,60.84,29.19,6001238.0
