sgg,label,n_3mw,nd_3ax,nd_ab,nd_ac,nd_bc
11500,서울 11500,1,1,1,1,0
26710,부산 26710,1,1,1,1,0
27710,대구 27710,5,4,1,4,0
27720,대구 27720,3,2,1,2,0
28260,인천 28260,3,3,3,2,0
28710,인천 28710,5,3,1,3,0
29140,광주 29140,2,2,1,2,0
29155,광주 29155,1,1,1,1,0
29170,광주 29170,1,1,1,1,0
29200,광주 29200,8,2,2,2,0
30200,대전 30200,2,2,2,1,0
31140,울산 31140,1,1,1,1,0
31710,울산 31710,2,2,1,2,0
36110,세종 36110,3,3,3,2,1
41196,경기 41196,4,2,1,2,0
41220,경기 41220,49,10,5,4,1
41273,경기 41273,1,1,1,1,0
41281,경기 41281,1,1,1,1,0
41285,경기 41285,1,1,1,1,0
41360,경기 41360,5,3,2,2,1
41370,경기 41370,2,1,1,1,0
41461,경기 41461,4,3,3,2,0
41463,경기 41463,2,2,1,2,0
41480,경기 41480,6,2,2,1,0
41500,경기 41500,12,4,1,3,0
41550,경기 41550,6,2,2,2,0
41570,경기 41570,5,2,2,1,0
41590,경기 41590,22,8,4,4,1
41610,경기 41610,1,1,1,1,0
41630,경기 41630,4,4,2,4,0
41650,경기 41650,8,3,2,2,0
41670,경기 41670,8,3,3,2,0
41800,경기 41800,6,2,2,2,0
41820,경기 41820,2,2,2,2,0
41830,경기 41830,2,2,1,2,0
43111,충북 43111,2,1,1,1,0
43112,충북 43112,2,1,1,1,1
43113,충북 43113,6,3,3,1,0
43114,충북 43114,1,1,1,1,0
43130,충북 43130,12,3,3,2,0
43150,충북 43150,4,3,1,3,0
43720,충북 43720,2,2,2,2,0
43740,충북 43740,4,3,2,2,0
43745,충북 43745,2,1,1,1,0
43750,충북 43750,2,2,2,2,0
43760,충북 43760,5,4,3,4,0
43770,충북 43770,13,8,3,4,0
43800,충북 43800,1,1,1,1,0
44131,충남 44131,5,2,2,2,0
44133,충남 44133,4,3,1,3,0
44150,충남 44150,14,5,3,2,0
44180,충남 44180,16,6,3,5,0
44200,충남 44200,38,11,5,6,0
44210,충남 44210,56,8,3,5,0
44230,충남 44230,10,6,4,3,0
44250,충남 44250,1,1,1,1,0
44270,충남 44270,43,7,4,5,1
44710,충남 44710,1,1,1,1,0
44760,충남 44760,11,5,2,3,0
44770,충남 44770,7,3,3,2,0
44790,충남 44790,3,3,2,2,1
44800,충남 44800,13,6,3,5,0
44810,충남 44810,9,4,3,2,1
44825,충남 44825,18,11,4,7,0
46130,전남 46130,5,4,2,2,0
46150,전남 46150,4,1,1,1,1
46170,전남 46170,2,2,2,1,0
46230,전남 46230,3,1,1,1,0
46710,전남 46710,3,3,3,3,0
46720,전남 46720,1,1,1,1,0
46770,전남 46770,32,8,4,5,1
46780,전남 46780,11,1,1,1,0
46790,전남 46790,4,3,2,3,0
46800,전남 46800,6,2,2,2,0
46810,전남 46810,13,4,1,3,0
46820,전남 46820,111,6,3,5,0
46830,전남 46830,30,5,2,4,1
46840,전남 46840,9,4,2,2,0
46860,전남 46860,10,4,2,3,2
46870,전남 46870,4,3,3,3,0
46880,전남 46880,4,2,2,2,0
46890,전남 46890,2,2,2,2,0
46900,전남 46900,9,7,4,6,0
46910,전남 46910,12,4,1,4,0
47111,경북 47111,11,5,3,5,0
47113,경북 47113,8,6,3,4,0
47130,경북 47130,8,3,2,3,0
47150,경북 47150,3,2,2,1,1
47170,경북 47170,2,2,2,2,0
47190,경북 47190,4,2,1,2,0
47210,경북 47210,5,4,2,4,0
47230,경북 47230,3,2,1,2,0
47250,경북 47250,13,6,2,4,0
47280,경북 47280,1,1,1,1,0
47730,경북 47730,2,1,1,1,0
47750,경북 47750,3,1,1,1,0
47760,경북 47760,2,2,1,2,0
47770,경북 47770,3,2,2,2,0
47820,경북 47820,4,2,2,1,2
47830,경북 47830,1,1,1,1,0
47840,경북 47840,2,1,1,1,0
47850,경북 47850,2,1,1,1,0
47900,경북 47900,2,2,2,2,0
47920,경북 47920,1,1,1,1,0
47930,경북 47930,5,2,1,2,0
48121,경남 48121,5,4,2,4,0
48125,경남 48125,5,3,2,3,0
48170,경남 48170,7,6,2,3,0
48220,경남 48220,1,1,1,1,0
48240,경남 48240,2,2,1,2,0
48250,경남 48250,12,4,2,4,0
48270,경남 48270,12,5,4,3,0
48310,경남 48310,2,2,2,2,1
48330,경남 48330,1,1,1,1,0
48720,경남 48720,3,2,1,2,0
48730,경남 48730,4,2,2,1,0
48740,경남 48740,8,3,3,3,0
48820,경남 48820,6,3,2,2,0
48840,경남 48840,1,1,1,1,0
48850,경남 48850,5,2,2,1,0
48860,경남 48860,1,1,1,1,0
48870,경남 48870,6,3,1,2,0
48880,경남 48880,2,1,1,1,0
48890,경남 48890,1,1,1,1,0
50110,제주 50110,5,4,2,2,0
50130,제주 50130,15,9,1,5,0
51110,강원 51110,5,5,3,4,0
51130,강원 51130,8,3,2,3,0
51150,강원 51150,14,4,2,4,0
51190,강원 51190,1,1,1,1,0
51230,강원 51230,1,1,1,1,0
51720,강원 51720,3,2,1,2,0
51730,강원 51730,3,3,2,3,0
51750,강원 51750,3,1,1,1,0
51760,강원 51760,10,5,3,3,0
51770,강원 51770,2,2,1,2,0
51780,강원 51780,10,4,1,4,0
51790,강원 51790,2,2,2,1,0
51800,강원 51800,2,2,2,2,0
51820,강원 51820,3,2,1,2,0
52111,전북 52111,1,1,1,1,0
52113,전북 52113,3,2,2,2,0
52130,전북 52130,14,4,2,4,0
52140,전북 52140,25,7,5,6,0
52180,전북 52180,16,8,2,5,1
52190,전북 52190,6,5,3,3,0
52210,전북 52210,20,7,5,3,2
52710,전북 52710,9,4,3,3,0
52720,전북 52720,3,3,2,3,0
52740,전북 52740,2,1,1,1,0
52750,전북 52750,1,1,1,1,0
52770,전북 52770,2,2,1,2,0
52790,전북 52790,6,5,2,5,1
52800,전북 52800,6,3,1,3,0
