method,params,sgg,name,n_clusters,area_km2,singleton_ratio,share_lt3MW,share_ge20MW,hull_fill_median,area_gini,n_ge3MW,n_ge10MW,n_ge20MW,n_ge50MW,chain_index,max_cluster_km2,multi_sgg_ratio,noise_singletons,geom_missing_singletons,anchors_split,anchors_in_window,params_hash
A,τ=21m,44270,충남 당진시,4129,35.1133,0.5268,0.3403,0.5246,0.6403,0.9046,43,14,9,4,0.1648,5.786,0.0029,0,17,0,4,a15b65db9b3e
B,"k=2, m=191",44270,충남 당진시,4862,36.3852,0.9949,0.1339,0.8061,0.0325,0.958,25,17,13,3,0.2282,8.302,0.001,11031,17,0,4,a76436b76237
C,"λ=1000m, γ=0.5",44270,충남 당진시,34,40.7489,0.5,0.0013,0.9917,0.0256,0.7812,14,14,13,9,0.2226,9.071,0.1765,17,17,0,4,63aaf48cc996
C,"λ=21m, γ=1.0",44270,충남 당진시,508,35.645,0.0394,0.1498,0.6253,0.0739,0.8876,56,16,5,3,0.2153,7.673,0.0276,17,17,0,4,28478dd23367
D,"g=200m, D2 목표 222,222㎡",44270,충남 당진시,1027,35.616,0.3174,0.1784,0.5172,0.2161,0.9051,70,31,9,4,0.1624,5.786,0.0127,17,17,0,4,8908df5d07f5
D,"g=400m, D1 전량 병합",44270,충남 당진시,148,48.768,0.3514,0.0173,0.9664,0.0977,0.9849,6,4,2,2,0.822,40.09,0.0203,17,17,0,4,3c3037112cdd
A,τ=21m,46820,전남 해남군,4154,63.4476,0.5378,0.1856,0.6077,0.5977,0.926,111,77,50,5,0.0403,2.554,0.0007,0,4,0,5,ea32bf67fafe
B,"k=2, m=99",46820,전남 해남군,4339,65.1273,0.9857,0.1249,0.809,0.0417,0.9614,53,30,26,15,0.1657,10.79,0.0009,7877,4,0,5,096f6d1d8d4e
C,"λ=1000m, γ=0.5",46820,전남 해남군,39,66.4035,0.1282,0.0031,0.9665,0.0206,0.8481,22,19,14,6,0.363,24.102,0.1282,4,4,0,5,a6b839f61f1d
C,"λ=21m, γ=1.0",46820,전남 해남군,525,64.895,0.0229,0.0916,0.8181,0.0849,0.9242,56,16,11,10,0.1669,10.829,0.0095,4,4,0,5,89d073a80f03
D,"g=200m, D2 목표 222,222㎡",46820,전남 해남군,1073,63.5454,0.3113,0.104,0.6068,0.2509,0.8792,140,92,50,5,0.0402,2.554,0.0037,4,4,0,5,6a9562935e7f
D,"g=400m, D1 전량 병합",46820,전남 해남군,243,75.1738,0.3416,0.0177,0.9305,0.1246,0.9783,32,8,6,2,0.8059,60.586,0.0165,4,4,0,5,f70eeeace8d0
A,τ=21m,44180,충남 보령시,3079,12.4176,0.5297,0.5985,0.2479,0.5786,0.8417,16,6,3,1,0.0961,1.193,0.0016,0,43,0,2,cecaed41071f
B,"k=2, m=238",44180,충남 보령시,4438,17.3933,0.9957,0.1712,0.6735,0.0407,0.944,19,11,7,2,0.3932,6.84,0.0011,8344,43,1,2,a680df6e4a33
C,"λ=1000m, γ=0.5",44180,충남 보령시,78,22.243,0.641,0.0058,0.9191,0.0281,0.8981,18,13,10,7,0.2231,4.962,0.0897,43,43,0,2,a0ab1a0a9449
C,"λ=21m, γ=1.0",44180,충남 보령시,394,17.3494,0.1396,0.2251,0.5279,0.0678,0.8627,36,7,4,3,0.2681,4.652,0.0254,43,43,0,2,2bf486c1736d
D,"g=200m, D2 목표 222,222㎡",44180,충남 보령시,662,12.971,0.3761,0.2233,0.2374,0.1339,0.8834,46,18,3,1,0.092,1.193,0.0121,43,43,0,2,a6c2164ea733
D,"g=400m, D1 전량 병합",44180,충남 보령시,155,19.2239,0.4968,0.039,0.8939,0.071,0.9704,9,4,2,2,0.4847,9.318,0.0194,43,43,0,2,d8410aa4e46e
A,τ=21m,41220,경기 평택시,4201,18.0365,0.4742,0.636,0.0402,0.5874,0.8528,49,5,1,0,0.0402,0.725,0.0081,0,80,0,0,8eb95d9ddfc5
B,"k=2, m=372",41220,경기 평택시,6872,21.6364,0.9951,0.2169,0.5512,0.0456,0.9375,34,26,14,3,0.1135,2.456,0.002,14174,80,0,0,efab50dfac07
C,"λ=1000m, γ=0.5",41220,경기 평택시,96,27.7636,0.8333,0.001,0.9813,0.0329,0.896,16,15,14,10,0.1527,4.24,0.1042,80,80,0,0,8730b711ec37
C,"λ=21m, γ=1.0",41220,경기 평택시,402,19.5887,0.2015,0.1834,0.3643,0.0668,0.8212,61,24,10,0,0.0523,1.024,0.1144,80,80,0,0,3e333aa91e55
D,"g=200m, D2 목표 222,222㎡",41220,경기 평택시,773,19.8367,0.3622,0.1613,0.0365,0.1435,0.8652,81,48,1,0,0.0365,0.725,0.0479,80,80,0,0,7a186079056e
D,"g=400m, D1 전량 병합",41220,경기 평택시,103,34.8726,0.8544,0.0041,0.9959,0.1196,0.9896,1,1,1,1,0.9959,34.729,0.0194,80,80,0,0,77149ac0607d
A,τ=21m,52140,전북 익산시,5227,17.7826,0.5516,0.7982,0.0299,0.6076,0.7905,25,4,1,0,0.0299,0.531,0.0036,0,204,0,0,4bfd8b593ec9
B,"k=2, m=275",52140,전북 익산시,9560,21.7704,0.9968,0.3537,0.4112,0.0494,0.8888,31,24,11,2,0.0796,1.733,0.0016,13208,204,0,0,d5fed62afdef
C,"λ=1000m, γ=0.5",52140,전북 익산시,221,24.9653,0.9231,0.0042,0.9805,0.0279,0.9545,16,15,14,10,0.2017,5.036,0.0543,204,204,0,0,52f83e031839
C,"λ=21m, γ=1.0",52140,전북 익산시,625,19.7031,0.3264,0.2923,0.2116,0.0763,0.8009,72,18,6,1,0.0647,1.275,0.0608,204,204,0,0,fed8fe5bccc2
D,"g=200m, D2 목표 222,222㎡",52140,전북 익산시,1088,19.6711,0.477,0.2287,0.027,0.1226,0.8735,81,46,1,0,0.027,0.531,0.0404,204,204,0,0,6bbe44006ca1
D,"g=400m, D1 전량 병합",52140,전북 익산시,240,30.1696,0.8917,0.0098,0.9747,0.0697,0.9941,3,2,1,1,0.9747,29.406,0.0125,204,204,0,0,2922e43ecc5b
A,τ=21m,46830,전남 영광군,3404,17.5228,0.5517,0.5295,0.2663,0.5637,0.8395,30,11,7,0,0.0597,1.046,0.0029,0,33,0,3,e323b54f7afd
B,"k=2, m=196",46830,전남 영광군,3798,19.5472,0.9932,0.3069,0.5181,0.031,0.9148,26,14,8,3,0.1459,2.851,0.0016,10524,33,0,3,c3893895c0ab
C,"λ=1000m, γ=0.5",46830,전남 영광군,54,31.4072,0.6111,0.001,0.956,0.026,0.8725,17,15,11,8,0.3342,10.498,0.1852,33,33,0,3,45fd78e30d04
C,"λ=21m, γ=1.0",46830,전남 영광군,398,18.9391,0.0854,0.2586,0.4673,0.076,0.8093,45,15,7,3,0.1512,2.864,0.0452,33,33,0,3,ff51d9e2003a
D,"g=200m, D2 목표 222,222㎡",46830,전남 영광군,788,17.788,0.3668,0.2738,0.2623,0.1651,0.8522,59,27,7,0,0.0588,1.046,0.019,33,33,0,3,473a921e9d34
D,"g=400m, D1 전량 병합",46830,전남 영광군,108,52.4384,0.5093,0.0108,0.9794,0.101,0.986,8,2,2,1,0.9608,50.381,0.0278,33,33,0,3,fbf4ea05db65
A,τ=21m,52210,전북 김제시,4444,15.8916,0.5491,0.8506,0.0,0.6463,0.736,20,2,0,0,0.0177,0.282,0.0034,0,6,0,0,350f41048ea9
B,"k=2, m=227",52210,전북 김제시,5732,20.0511,0.9951,0.2789,0.5399,0.0441,0.9042,28,20,13,3,0.1036,2.078,0.0016,12035,6,0,0,3abe766670bc
C,"λ=1000m, γ=0.5",52210,전북 김제시,19,26.4476,0.3158,0.0002,0.9998,0.0282,0.4942,13,13,13,10,0.1544,4.082,0.5789,6,6,0,0,642383e3e3c2
C,"λ=21m, γ=1.0",52210,전북 김제시,451,17.4696,0.0133,0.3561,0.1258,0.0916,0.6881,65,13,3,0,0.0512,0.894,0.0532,6,6,0,0,a0bfc1349b8a
D,"g=200m, D2 목표 222,222㎡",52210,전북 김제시,830,17.8017,0.2892,0.3094,0.0,0.1677,0.8048,74,28,0,0,0.0163,0.29,0.0325,6,6,0,0,12df0eccea93
D,"g=400m, D1 전량 병합",52210,전북 김제시,36,37.4979,0.4167,0.0045,0.9955,0.1304,0.9574,3,3,3,2,0.7775,29.156,0.0833,6,6,0,0,6cfec4a980b7
A,τ=21m,41480,경기 파주시,2258,5.551,0.5124,0.8954,0.0,0.5527,0.7945,6,0,0,0,0.0343,0.19,0.0027,0,8,0,0,1e1276bd88ea
B,"k=2, m=368",41480,경기 파주시,2404,6.2166,0.9958,0.2362,0.4953,0.0314,0.9266,10,8,4,1,0.1991,1.238,0.0012,5668,8,0,0,4676fe510535
C,"λ=1000m, γ=0.5",41480,경기 파주시,24,6.6534,0.375,0.0023,0.6777,0.0229,0.6105,14,12,6,1,0.1723,1.147,0.2917,8,8,0,0,4e328cdd3fd6
C,"λ=21m, γ=1.0",41480,경기 파주시,253,5.716,0.0356,0.5361,0.0,0.0715,0.6705,20,3,0,0,0.0482,0.275,0.0632,8,8,0,0,30a3ab999f11
D,"g=200m, D2 목표 222,222㎡",41480,경기 파주시,376,5.8382,0.3112,0.3731,0.0,0.1,0.8384,21,11,0,0,0.0405,0.236,0.0372,8,8,0,0,106c2f1976cc
D,"g=400m, D1 전량 병합",41480,경기 파주시,46,6.8133,0.3261,0.0678,0.8355,0.0491,0.9255,5,3,2,2,0.5817,3.963,0.1087,8,8,0,0,09389f0064e7
A,τ=21m,43770,충북 음성군,3633,10.4747,0.4839,0.8675,0.0,0.5702,0.7555,13,0,0,0,0.0182,0.191,0.0039,0,28,0,0,808b6635b933
B,"k=2, m=314",43770,충북 음성군,5820,13.8613,0.9966,0.3103,0.5102,0.035,0.8978,20,15,9,1,0.119,1.65,0.0015,24186,28,0,0,2ccd5657534a
C,"λ=1000m, γ=0.5",43770,충북 음성군,41,20.9622,0.6829,0.0071,0.9929,0.0245,0.8275,10,10,10,7,0.1962,4.113,0.2195,28,28,0,0,3f0e090de1b3
C,"λ=21m, γ=1.0",43770,충북 음성군,328,11.9592,0.0945,0.3161,0.112,0.0691,0.7247,48,10,2,0,0.0665,0.795,0.0854,28,28,0,0,09a92f2fd43a
D,"g=200m, D2 목표 222,222㎡",43770,충북 음성군,714,11.5029,0.3543,0.3258,0.0,0.1518,0.8544,43,24,0,0,0.026,0.299,0.0378,28,28,0,0,deb211899a03
D,"g=400m, D1 전량 병합",43770,충북 음성군,115,36.903,0.5391,0.0146,0.9751,0.0656,0.9823,6,3,3,2,0.8053,29.717,0.0261,28,28,0,0,2badad8a9dbc
A,τ=21m,41461,경기 용인시처인구,3589,7.5769,0.5244,0.9519,0.0,0.5822,0.7676,4,0,0,0,0.0165,0.125,0.002,0,273,0,0,916f0070a7ef
B,"k=2, m=404",41461,경기 용인시처인구,2766,11.5498,0.9942,0.1146,0.6359,0.0198,0.9601,16,11,5,4,0.164,1.894,0.0029,6432,273,0,0,e464f4afe8c8
C,"λ=1000m, γ=0.5",41461,경기 용인시처인구,289,10.2596,0.9481,0.014,0.8761,0.0133,0.9648,14,13,10,3,0.1839,1.887,0.0346,273,273,0,0,9ae472442745
C,"λ=21m, γ=1.0",41461,경기 용인시처인구,602,7.9414,0.4568,0.5805,0.0,0.0748,0.7931,27,3,0,0,0.0342,0.272,0.0382,273,273,0,0,ece901266d5b
D,"g=200m, D2 목표 222,222㎡",41461,경기 용인시처인구,833,8.0974,0.5618,0.3329,0.0,0.1382,0.8881,34,11,0,0,0.0297,0.24,0.0192,273,273,0,0,b3ced1055408
D,"g=400m, D1 전량 병합",41461,경기 용인시처인구,341,12.2229,0.8563,0.0426,0.9156,0.0624,0.9853,8,4,4,3,0.5489,6.709,0.0205,273,273,0,0,3a929201c59b
