scope,name,n_units,area_km2,1a_share_ge20MW,1a_share_ge50MW,1b_top5_km2,1b_top25_km2,1c_hull_fill_median,2a_singleton_ratio,2b_share_lt3MW,2c_units_per_100km2,2d_area_gini,3a_n_ge1MW,3a_n_ge3MW,3a_n_ge10MW,3a_n_ge20MW,3a_n_ge50MW,3c_chain_index,4a_has_geom_ratio,4b_multi_sgg_ratio,4c_n_emd_median,4d_dist_computable_ratio
전국,전국,388121,1038.85,0.1185,0.0524,20.89,54.44,0.54,0.533,0.7551,37360.0,0.811,5648,1119,244,122,25,0.0056,0.9867,0.001,1.0,0.9845
44270,충남 당진시,4129,35.11,0.5246,0.4003,15.07,21.58,0.603,0.527,0.3403,11759.0,0.905,124,43,14,9,4,0.1648,0.9959,0.0029,1.0,0.9959
46820,전남 해남군,4154,63.45,0.6077,0.1306,8.28,24.97,0.582,0.538,0.1856,6547.0,0.926,185,111,77,50,5,0.0403,0.999,0.0007,1.0,0.999
44180,충남 보령시,3079,12.42,0.2479,0.0961,3.63,5.45,0.559,0.53,0.5985,24796.0,0.842,65,16,6,3,1,0.0961,0.986,0.0016,1.0,0.986
41220,경기 평택시,4201,18.04,0.0402,0.0,1.86,4.62,0.55,0.474,0.636,23292.0,0.853,157,49,5,1,0,0.0402,0.981,0.0081,1.0,0.981
52140,전북 익산시,5227,17.78,0.0299,0.0,1.57,3.59,0.588,0.552,0.7982,29394.0,0.791,110,25,4,1,0,0.0299,0.961,0.0036,1.0,0.961
46830,전남 영광군,3404,17.52,0.2663,0.0,3.75,7.81,0.547,0.552,0.5295,19426.0,0.839,82,30,11,7,0,0.0597,0.9903,0.0029,1.0,0.9903
52210,전북 김제시,4444,15.89,0.0,0.0,1.05,2.67,0.616,0.549,0.8506,27964.0,0.736,92,20,2,0,0,0.0177,0.9986,0.0034,1.0,0.9986
41480,경기 파주시,2258,5.55,0.0,0.0,0.51,1.46,0.542,0.512,0.8954,40678.0,0.795,43,6,0,0,0,0.0343,0.9965,0.0027,1.0,0.9965
43770,충북 음성군,3633,10.47,0.0,0.0,0.74,1.93,0.555,0.484,0.8675,34684.0,0.755,68,13,0,0,0,0.0182,0.9923,0.0039,1.0,0.8679
41461,경기 용인시처인구,3589,7.58,0.0,0.0,0.43,1.31,0.567,0.524,0.9519,47368.0,0.768,44,4,0,0,0,0.0165,0.9239,0.002,1.0,0.8089
5a_cv,10곳 변동계수(5a),,,1.283,,,,0.042,0.049,0.364,0.444,0.073,,,,,,0.85,,,,
